-- Create Tables
CREATE TABLE teacher (
    id SERIAL PRIMARY KEY,
    name VARCHAR(100) NOT NULL
);
CREATE TABLE student (
    id SERIAL PRIMARY KEY,
    name VARCHAR(100) NOT NULL,
    teacher_id INT NOT NULL REFERENCES teacher(id) ON DELETE CASCADE
);
CREATE TABLE semester (
    id SERIAL PRIMARY KEY,
    semester_name VARCHAR(50) NOT NULL,
    start_date DATE NOT NULL,
    end_date DATE NOT NULL
);
CREATE TABLE grade (
    id SERIAL PRIMARY KEY,
    student_id INT NOT NULL REFERENCES student(id) ON DELETE CASCADE,
    semester_id INT NOT NULL REFERENCES semester(id) ON DELETE CASCADE,
    grade VARCHAR(2) NOT NULL,
    gpa FLOAT NOT NULL
);
-- Insert Data 
INSERT INTO teacher (id, name)
VALUES (1, 'Prof. Henry'),
    (2, 'Prof. Sanka');
INSERT INTO student (name, teacher_id)
VALUES ('Alice', 1),
    ('Bob', 2),
    ('Charlie', 1),
    ('David', 2),
    ('Eve', 1),
    ('Frank', 2),
    ('Grace', 1),
    ('Hannah', 2),
    ('Ivy', 1),
    ('Jack', 2);
INSERT INTO semester (semester_name, start_date, end_date)
VALUES ('2023-2024_S1', '2023-08-01', '2023-11-30'),
    ('2023-2024_S2', '2024-01-01', '2024-04-30'),
    ('2024-2025_S1', '2024-08-01', '2024-11-30'),
    ('2024-2025_S2', '2025-01-01', '2025-04-30'),
    ('2025-2026_S1', '2025-08-01', '2025-11-30'),
    ('2025-2026_S2', '2026-01-01', '2026-04-30'),
    ('2026-2027_S1', '2026-08-01', '2026-11-30'),
    ('2026-2027_S2', '2027-01-01', '2027-04-30');
INSERT INTO grade (student_id, semester_id, grade, gpa)
VALUES (1, 1, 'A+', 5.0),
    (1, 2, 'B+', 3.5),
    (1, 3, 'A-', 4.5),
    (1, 4, 'C+', 2.5),
    (1, 5, 'B', 4.0),
    (1, 6, 'A', 5.0),
    (1, 7, 'A+', 5.0),
    (1, 8, 'B-', 3.0),
    (2, 1, 'C', 2.0),
    (2, 2, 'A-', 4.5),
    (2, 3, 'B+', 3.5),
    (2, 4, 'D+', 1.5),
    (2, 5, 'A+', 5.0),
    (2, 6, 'B-', 3.0),
    (2, 7, 'C+', 2.5),
    (2, 8, 'A', 5.0),
    (3, 1, 'B+', 3.5),
    (3, 2, 'C+', 2.5),
    (3, 3, 'A+', 5.0),
    (3, 4, 'B-', 3.0),
    (3, 5, 'C', 2.0),
    (3, 6, 'D+', 1.5),
    (3, 7, 'A-', 4.5),
    (3, 8, 'B', 4.0),
    (4, 1, 'A-', 4.5),
    (4, 2, 'B+', 3.5),
    (4, 3, 'B-', 3.0),
    (4, 4, 'C+', 2.5),
    (4, 5, 'A+', 5.0),
    (4, 6, 'D+', 1.5),
    (4, 7, 'B', 4.0),
    (4, 8, 'C', 2.0),
    (5, 1, 'D+', 1.5),
    (5, 2, 'A', 5.0),
    (5, 3, 'C+', 2.5),
    (5, 4, 'B-', 3.0),
    (5, 5, 'B+', 3.5),
    (5, 6, 'A+', 5.0),
    (5, 7, 'C', 2.0),
    (5, 8, 'B', 4.0),
    (6, 1, 'B', 4.0),
    (6, 2, 'A+', 5.0),
    (6, 3, 'C+', 2.5),
    (6, 4, 'B+', 3.5),
    (6, 5, 'A', 5.0),
    (6, 6, 'B-', 3.0),
    (6, 7, 'C', 2.0),
    (6, 8, 'A-', 4.5),
    (7, 1, 'A-', 4.5),
    (7, 2, 'B+', 3.5),
    (7, 3, 'A+', 5.0),
    (7, 4, 'C+', 2.5),
    (7, 5, 'B-', 3.0),
    (7, 6, 'A', 5.0),
    (7, 7, 'D+', 1.5),
    (7, 8, 'B', 4.0),
    (8, 1, 'C+', 2.5),
    (8, 2, 'A', 5.0),
    (8, 3, 'B-', 3.0),
    (8, 4, 'A+', 5.0),
    (8, 5, 'C', 2.0),
    (8, 6, 'B+', 3.5),
    (8, 7, 'A-', 4.5),
    (8, 8, 'D+', 1.5),
    (9, 1, 'B+', 3.5),
    (9, 2, 'A-', 4.5),
    (9, 3, 'B', 4.0),
    (9, 4, 'C+', 2.5),
    (9, 5, 'A', 5.0),
    (9, 6, 'B-', 3.0),
    (9, 7, 'C', 2.0),
    (9, 8, 'A+', 5.0),
    (10, 1, 'A+', 5.0),
    (10, 2, 'B-', 3.0),
    (10, 3, 'A', 5.0),
    (10, 4, 'C+', 2.5),
    (10, 5, 'B+', 3.5),
    (10, 6, 'A-', 4.5),
    (10, 7, 'D+', 1.5),
    (10, 8, 'B', 4.0);